Country Name,Year,Indicator Name,Value
Cote d'Ivoire,2022,Agricultural land (% of land area),84.15681258
Cote d'Ivoire,2021,Agricultural land (% of land area),84.3928673
Cote d'Ivoire,2020,Agricultural land (% of land area),82.62582296
Cote d'Ivoire,2019,Agricultural land (% of land area),81.5248
Cote d'Ivoire,2018,Agricultural land (% of land area),81.3420739
Cote d'Ivoire,2017,Agricultural land (% of land area),77.70448082
Cote d'Ivoire,2016,Agricultural land (% of land area),75.42663648
Cote d'Ivoire,2015,Agricultural land (% of land area),76.93681195
Cote d'Ivoire,2014,Agricultural land (% of land area),72.59172013
Cote d'Ivoire,2013,Agricultural land (% of land area),70.8868805
Cote d'Ivoire,2012,Agricultural land (% of land area),68.96385849
Cote d'Ivoire,2011,Agricultural land (% of land area),66.20017925
Cote d'Ivoire,2010,Agricultural land (% of land area),65.73580818
Cote d'Ivoire,2009,Agricultural land (% of land area),65.69812579
Cote d'Ivoire,2008,Agricultural land (% of land area),65.79551258
Cote d'Ivoire,2007,Agricultural land (% of land area),66.06060063
Cote d'Ivoire,2006,Agricultural land (% of land area),65.03640252
Cote d'Ivoire,2005,Agricultural land (% of land area),64.16558805
Cote d'Ivoire,2004,Agricultural land (% of land area),63.40360692
Cote d'Ivoire,2003,Agricultural land (% of land area),61.08490881
Cote d'Ivoire,2002,Agricultural land (% of land area),60.9599434
Cote d'Ivoire,2001,Agricultural land (% of land area),60.58416981
Cote d'Ivoire,2000,Agricultural land (% of land area),62.12457233
Cote d'Ivoire,1999,Agricultural land (% of land area),61.88793082
Cote d'Ivoire,1998,Agricultural land (% of land area),61.60218553
Cote d'Ivoire,1997,Agricultural land (% of land area),61.30820126
Cote d'Ivoire,1996,Agricultural land (% of land area),62.0582044
Cote d'Ivoire,1995,Agricultural land (% of land area),62.10015723
Cote d'Ivoire,1994,Agricultural land (% of land area),59.76745283
Cote d'Ivoire,1993,Agricultural land (% of land area),61.32704403
Cote d'Ivoire,1992,Agricultural land (% of land area),58.63146226
Cote d'Ivoire,1991,Agricultural land (% of land area),58.58566352
Cote d'Ivoire,1990,Agricultural land (% of land area),59.92860377
Cote d'Ivoire,1989,Agricultural land (% of land area),58.26861321
Cote d'Ivoire,1988,Agricultural land (% of land area),59.15861006
Cote d'Ivoire,1987,Agricultural land (% of land area),57.91638365
Cote d'Ivoire,1986,Agricultural land (% of land area),57.60220755
Cote d'Ivoire,1985,Agricultural land (% of land area),57.2657673
Cote d'Ivoire,1984,Agricultural land (% of land area),56.29245283
Cote d'Ivoire,1983,Agricultural land (% of land area),55.29559748
Cote d'Ivoire,1982,Agricultural land (% of land area),55.30939937
Cote d'Ivoire,1981,Agricultural land (% of land area),54.89841509
Cote d'Ivoire,1980,Agricultural land (% of land area),54.46791824
Cote d'Ivoire,1979,Agricultural land (% of land area),54.37183333
Cote d'Ivoire,1978,Agricultural land (% of land area),54.25586164
Cote d'Ivoire,1977,Agricultural land (% of land area),53.88370126
Cote d'Ivoire,1976,Agricultural land (% of land area),53.14351258
Cote d'Ivoire,1975,Agricultural land (% of land area),52.83450943
Cote d'Ivoire,1974,Agricultural land (% of land area),52.40692138
Cote d'Ivoire,1973,Agricultural land (% of land area),51.91260692
Cote d'Ivoire,1972,Agricultural land (% of land area),51.28930818
Cote d'Ivoire,1971,Agricultural land (% of land area),51.28957862
Cote d'Ivoire,1970,Agricultural land (% of land area),51.10588365
Cote d'Ivoire,1969,Agricultural land (% of land area),51.02044969
Cote d'Ivoire,1968,Agricultural land (% of land area),50.93551887
Cote d'Ivoire,1967,Agricultural land (% of land area),50.83285535
Cote d'Ivoire,1966,Agricultural land (% of land area),50.65833962
Cote d'Ivoire,1965,Agricultural land (% of land area),50.49259119
Cote d'Ivoire,1964,Agricultural land (% of land area),50.31009748
Cote d'Ivoire,1963,Agricultural land (% of land area),50.04694969
Cote d'Ivoire,1962,Agricultural land (% of land area),49.86076101
Cote d'Ivoire,2022,Arable land (% of land area),13.54979686
Cote d'Ivoire,2021,Arable land (% of land area),13.3553673
Cote d'Ivoire,2020,Arable land (% of land area),12.99189528
Cote d'Ivoire,2019,Arable land (% of land area),13.03983459
Cote d'Ivoire,2018,Arable land (% of land area),12.81937264
Cote d'Ivoire,2017,Arable land (% of land area),12.52644623
Cote d'Ivoire,2016,Arable land (% of land area),11.88865849
Cote d'Ivoire,2015,Arable land (% of land area),12.11870503
Cote d'Ivoire,2014,Arable land (% of land area),11.00628931
Cote d'Ivoire,2013,Arable land (% of land area),11.00628931
Cote d'Ivoire,2012,Arable land (% of land area),9.433962264
Cote d'Ivoire,2011,Arable land (% of land area),9.119496855
Cote d'Ivoire,2010,Arable land (% of land area),9.119496855
Cote d'Ivoire,2009,Arable land (% of land area),9.119496855
Cote d'Ivoire,2008,Arable land (% of land area),9.119496855
Cote d'Ivoire,2007,Arable land (% of land area),9.119496855
Cote d'Ivoire,2006,Arable land (% of land area),8.805031447
Cote d'Ivoire,2005,Arable land (% of land area),8.805031447
Cote d'Ivoire,2004,Arable land (% of land area),8.805031447
Cote d'Ivoire,2003,Arable land (% of land area),8.805031447
Cote d'Ivoire,2002,Arable land (% of land area),8.805031447
Cote d'Ivoire,2001,Arable land (% of land area),8.805031447
Cote d'Ivoire,2000,Arable land (% of land area),8.805031447
Cote d'Ivoire,1999,Arable land (% of land area),8.805031447
Cote d'Ivoire,1998,Arable land (% of land area),9.119496855
Cote d'Ivoire,1997,Arable land (% of land area),9.119496855
Cote d'Ivoire,1996,Arable land (% of land area),9.433962264
Cote d'Ivoire,1995,Arable land (% of land area),9.433962264
Cote d'Ivoire,1994,Arable land (% of land area),9.433962264
Cote d'Ivoire,1993,Arable land (% of land area),9.125786164
Cote d'Ivoire,1992,Arable land (% of land area),8.176100629
Cote d'Ivoire,1991,Arable land (% of land area),7.704402516
Cote d'Ivoire,1990,Arable land (% of land area),7.641509434
Cote d'Ivoire,1989,Arable land (% of land area),7.610062893
Cote d'Ivoire,1988,Arable land (% of land area),7.610062893
Cote d'Ivoire,1987,Arable land (% of land area),7.547169811
Cote d'Ivoire,1986,Arable land (% of land area),7.48427673
Cote d'Ivoire,1985,Arable land (% of land area),7.48427673
Cote d'Ivoire,1984,Arable land (% of land area),7.235849057
Cote d'Ivoire,1983,Arable land (% of land area),6.396226415
Cote d'Ivoire,1982,Arable land (% of land area),6.257861635
Cote d'Ivoire,1981,Arable land (% of land area),6.194968553
Cote d'Ivoire,1980,Arable land (% of land area),6.147798742
Cote d'Ivoire,1979,Arable land (% of land area),6.053459119
Cote d'Ivoire,1978,Arable land (% of land area),6.006289308
Cote d'Ivoire,1977,Arable land (% of land area),5.911949686
Cote d'Ivoire,1976,Arable land (% of land area),5.786163522
Cote d'Ivoire,1975,Arable land (% of land area),5.70754717
Cote d'Ivoire,1974,Arable land (% of land area),5.581761006
Cote d'Ivoire,1973,Arable land (% of land area),5.471698113
Cote d'Ivoire,1972,Arable land (% of land area),5.377358491
Cote d'Ivoire,1971,Arable land (% of land area),5.34591195
Cote d'Ivoire,1970,Arable land (% of land area),5.34591195
Cote d'Ivoire,1969,Arable land (% of land area),5.34591195
Cote d'Ivoire,1968,Arable land (% of land area),5.34591195
Cote d'Ivoire,1967,Arable land (% of land area),5.34591195
Cote d'Ivoire,1966,Arable land (% of land area),5.283018868
Cote d'Ivoire,1965,Arable land (% of land area),5.283018868
Cote d'Ivoire,1964,Arable land (% of land area),5.283018868
Cote d'Ivoire,1963,Arable land (% of land area),5.283018868
Cote d'Ivoire,1962,Arable land (% of land area),5.283018868